{"stats":{"minecraft:picked_up":{"minecraft:shulker_shell":132,"minecraft:diamond_sword":4,"minecraft:carrot_on_a_stick":1,"minecraft:birch_button":12,"minecraft:stone":1,"minecraft:white_bed":3,"minecraft:lever":5,"minecraft:black_wool":2,"minecraft:mutton":47,"minecraft:white_wool":28},"minecraft:used":{"minecraft:oak_fence":30,"minecraft:water_bucket":8,"minecraft:iron_bars":4,"minecraft:cobblestone_stairs":86,"minecraft:spruce_door":7,"minecraft:red_concrete":13,"minecraft:dispenser":7,"minecraft:carrot_on_a_stick":1,"minecraft:diamond_hoe":116,"minecraft:stone":4,"minecraft:redstone_block":9,"minecraft:sheep_spawn_egg":50,"minecraft:farmland":2,"minecraft:dirt":94,"minecraft:anvil":1,"minecraft:nether_quartz_ore":2,"minecraft:white_bed":4,"minecraft:shulker_spawn_egg":13,"minecraft:spruce_fence":16,"minecraft:dark_oak_door":23,"minecraft:oak_log":308,"minecraft:birch_fence":31,"minecraft:sticky_piston":1,"minecraft:glass":11,"minecraft:lever":22,"minecraft:black_concrete":68,"minecraft:birch_fence_gate":16,"minecraft:gray_shulker_box":35,"minecraft:command_block":529,"minecraft:red_wool":178,"minecraft:grass_block":16,"minecraft:oak_stairs":28,"minecraft:barrier":13,"minecraft:jungle_log":3,"minecraft:sign":19,"minecraft:iron_door":4,"minecraft:birch_button":30,"minecraft:diamond_sword":259,"minecraft:glowstone":29,"minecraft:redstone_lamp":33,"minecraft:cobblestone":179,"minecraft:iron_trapdoor":18,"minecraft:chain_command_block":50,"minecraft:infested_cobblestone":29,"minecraft:gold_block":25,"minecraft:repeating_command_block":44,"minecraft:coarse_dirt":89,"minecraft:smooth_stone":56},"minecraft:killed":{"minecraft:shulker":19,"minecraft:sheep":33},"minecraft:custom":{"minecraft:mob_kills":96,"minecraft:play_one_minute":792551,"minecraft:open_shulker_box":2,"minecraft:damage_dealt_resisted":1117,"minecraft:leave_game":7,"minecraft:time_since_death":64718,"minecraft:sleep_in_bed":85,"minecraft:time_since_rest":20882,"minecraft:sprint_one_cm":288182,"minecraft:damage_taken":240,"minecraft:walk_one_cm":393287,"minecraft:drop":56,"minecraft:damage_dealt":12991,"minecraft:damage_dealt_absorbed":2678,"minecraft:fly_one_cm":1144007,"minecraft:crouch_one_cm":24455,"minecraft:deaths":1,"minecraft:sneak_time":21828,"minecraft:jump":1332,"minecraft:walk_on_water_one_cm":2611,"minecraft:inspect_dispenser":2},"minecraft:dropped":{"minecraft:dark_oak_door":1,"minecraft:farmland":1,"minecraft:repeating_command_block":1,"minecraft:lever":2,"minecraft:command_block":9,"minecraft:carrot_on_a_stick":1,"minecraft:grass_block":2,"minecraft:cobblestone_stairs":1,"minecraft:diamond_sword":25,"minecraft:shulker_shell":4,"minecraft:dirt":1,"minecraft:stone":3,"minecraft:birch_button":4,"minecraft:black_concrete":1,"minecraft:chain_command_block":2,"minecraft:white_wool":1}},"DataVersion":1631}